GROUP,PACKAGE,CLASS,INSTRUCTION_MISSED,INSTRUCTION_COVERED,BRANCH_MISSED,BRANCH_COVERED,LINE_MISSED,LINE_COVERED,COMPLEXITY_MISSED,COMPLEXITY_COVERED,METHOD_MISSED,METHOD_COVERED
p-account-cmdqry-service,com.aflac.eib.paccountcmdqry.controller,PAccountController,72,64,0,0,8,10,8,4,8,4
p-account-cmdqry-service,com.aflac.eib.paccountcmdqry.config,ServiceConstants,3,0,0,0,1,0,1,0,1,0
p-account-cmdqry-service,com.aflac.eib.paccountcmdqry.dataparser,PAccountControllerParser,0,90,2,18,0,25,2,11,0,3
p-account-cmdqry-service,com.aflac.eib.paccountcmdqry,PAccountApplication,5,3,0,0,2,1,1,1,1,1
p-account-cmdqry-service,com.aflac.eib.paccountcmdqry.exception,ExceptionCode,38,0,0,0,9,0,5,0,5,0
p-account-cmdqry-service,com.aflac.eib.paccountcmdqry.exception,CustomException1,3,0,0,0,1,0,1,0,1,0
p-account-cmdqry-service,com.aflac.eib.paccountcmdqry.service.impl,PAccountServiceImpl.new ParameterizedTypeReference() {...},0,6,0,0,0,1,0,1,0,1
p-account-cmdqry-service,com.aflac.eib.paccountcmdqry.service.impl,PAccountServiceImpl.new ParameterizedTypeReference() {...},0,6,0,0,0,1,0,1,0,1
p-account-cmdqry-service,com.aflac.eib.paccountcmdqry.service.impl,PAccountServiceImpl,0,89,0,0,0,17,0,4,0,4
